contains_dock,city,url,address,bedrooms,bathrooms,sqft,listing_price,cash_down_payment,loan_type,rate,remaining_balance,home_total
False,Gainesville,https://www.withroam.com/listing/2355-MARBLERIDGE-DR-GAINESVILLE-GA-30501/288679,"2355 Marbleridge Dr, Gainesville, GA 30501",3,3,1836,"$325,000","$109,760",,2.75%,"$215,239","$1,509"
False,Gainesville,https://www.withroam.com/listing/4241-SWAMP-CYPRESS-TRL-GAINESVILLE-GA-30504/267351,"4241 Swamp Cypress Trl, Gainesville, GA 30504",3,2,1604,"$348,500","$78,720",,2.8%,"$269,779","$1,951"
False,Flowery Branch,https://www.withroam.com/listing/5804-SCREECH-OWL-DR-FLOWERY-BRANCH-GA-30542/285786,"5804 Screech Owl Dr, Flowery Branch, GA 30542",5,3,2416,"$410,000","$172,800",,2.9%,"$237,199","$1,940"
False,Gainesville,https://www.withroam.com/listing/3116-ALENES-DR-GAINESVILLE-GA-30506/289367,"3116 Alenes Dr, Gainesville, GA 30506",4,3,2428,"$537,500","$231,918",,2.9%,"$305,581","$2,397"
False,Gainesville,https://www.withroam.com/listing/5480-APACHE-TRL-GAINESVILLE-GA-30506/274843,"5480 Apache Trl, Gainesville, GA 30506",3,2,1700,"$299,000","$62,758",,3.11%,"$236,241","$1,720"
False,Flowery Branch,https://www.withroam.com/listing/4424-LONGMEAD-RD-FLOWERY-BRANCH-GA-30542/290837,"4424 Longmead Rd, Flowery Branch, GA 30542",4,3,3078,"$699,000","$356,341",,2.625%,"$342,658","$2,656"
False,Gainesville,https://www.withroam.com/listing/2660-GLENDALE-DR-GAINESVILLE-GA-30507/290136,"2660 Glendale Dr, Gainesville, GA 30507",4,2,1503,"$299,000","$138,850",,3%,"$160,149","$1,153"
False,Gainesville,https://www.withroam.com/listing/5387-PONDEROSA-FARM-RD-GAINESVILLE-GA-30507/271259,"5387 Ponderosa Farm Rd, Gainesville, GA 30507",5,4,2601,"$530,000","$271,131",,2.87%,"$258,868","$2,176"
False,Oakwood,https://www.withroam.com/listing/4210-OAKWOOD-RD-OAKWOOD-GA-30566/128230,"4210 Oakwood Rd, Oakwood, GA 30566",2,3,1406,"$265,000","$103,614",,3%,"$161,385","$1,251"
False,Gainesville,https://www.withroam.com/listing/4392-MOUNT-VERNON-RD-GAINESVILLE-GA-30506/276678,"4392 Mount Vernon Rd, Gainesville, GA 30506",4,4,3275,"$475,000","$130,341",,2.875%,"$344,659","$2,245"
False,Flowery Branch,https://www.withroam.com/listing/4875-CASH-RD-FLOWERY-BRANCH-GA-30542/124933,"4875 Cash Rd, Flowery Branch, GA 30542",4,3,1767,"$450,000","$71,974",,6%,"$378,025","$2,707"
False,Gainesville,https://www.withroam.com/listing/3480-MAYNARD-CIR-GAINESVILLE-GA-30506/276630,"3480 Maynard Cir, Gainesville, GA 30506",3,2,2501,"$489,900","$197,414",,3.1%,"$292,485","$2,293"
False,Gainesville,https://www.withroam.com/listing/4525-CHESTATEE-HEIGHTS-RD-GAINESVILLE-GA-30506/237949,"4525 Chestatee Heights Rd, Gainesville, GA 30506",4,3,3332,"$575,000","$118,084",,3.92%,"$456,915","$3,470"
False,Flowery Branch,https://www.withroam.com/listing/4863-BEACON-RIDGE-LN-FLOWERY-BRANCH-GA-30542/268078,"4863 Beacon Ridge Ln, Flowery Branch, GA 30542",3,3,1740,"$299,750","$114,644",,2.65%,"$185,105","$1,503"
False,Flowery Branch,https://www.withroam.com/listing/6422-KETTLE-CREEK-WAY-FLOWERY-BRANCH-GA-30542/125280,"6422 Kettle Creek Way, Flowery Branch, GA 30542",5,4,4440,"$575,000","$134,766",,6%,"$440,233","$3,183"
False,Flowery Branch,https://www.withroam.com/listing/5996-SCREECH-OWL-DR-FLOWERY-BRANCH-GA-30542/267699,"5996 Screech Owl Dr, Flowery Branch, GA 30542",5,3,2613,"$484,900","$111,472",,3.75%,"$373,427","$2,597"
False,Flowery Branch,https://www.withroam.com/listing/4787-BEACON-RIDGE-LN-FLOWERY-BRANCH-GA-30542/290064,"4787 Beacon Ridge Ln, Flowery Branch, GA 30542",3,3,1740,"$315,000","$176,913",,3.875%,"$138,086","$1,413"
False,Gainesville,https://www.withroam.com/listing/4371-SHAG-BARK-TRL-GAINESVILLE-GA-30507/273252,"4371 Shag Bark Trl, Gainesville, GA 30507",4,2,2393,"$445,000","$210,621",,3.05%,"$234,378","$1,951"
False,Flowery Branch,https://www.withroam.com/listing/6206-LITTLE-COVE-DR-FLOWERY-BRANCH-GA-30542/290063,"6206 Little Cove Dr, Flowery Branch, GA 30542",4,3,3330,"$524,900","$317,829",,3.63%,"$207,070","$2,144"
False,Gainesville,https://www.withroam.com/listing/4306-APPLEBROOK-TER-GAINESVILLE-GA-30504/272030,"4306 Applebrook Ter, Gainesville, GA 30504",5,4,3290,"$524,000","$239,517",,2.98%,"$284,482","$2,323"
False,Gainesville,https://www.withroam.com/listing/3521-PHOENIX-COVE-DR-GAINESVILLE-GA-30506/266603,"3521 Phoenix Cove Dr, Gainesville, GA 30506",3,2,1706,"$449,500","$191,249",,2.875%,"$258,250","$1,823"
True,Gainesville,https://www.withroam.com/listing/5211-DRIFTWOOD-PT-GAINESVILLE-GA-30506/205717,"5211 Driftwood Pt, Gainesville, GA 30506",3,3,1944,"$416,050","$85,960",,2.9%,"$330,089","$2,350"
False,Oakwood,https://www.withroam.com/listing/5110-J-WHITE-RD-OAKWOOD-GA-30566/284906,"5110 J White Rd, Oakwood, GA 30566",4,3,3155,"$500,000","$296,575",,3.59%,"$203,424","$2,037"
False,Gainesville,https://www.withroam.com/listing/5354-SHADOW-WALK-WAY-GAINESVILLE-GA-30507/124938,"5354 Shadow Walk Way, Gainesville, GA 30507",4,4,3112,"$539,000","$158,282",,2.75%,"$380,717","$2,581"
False,Gainesville,https://www.withroam.com/listing/3875-VALLEY-VIEW-CT-GAINESVILLE-GA-30501/113953,"3875 Valley View Ct, Gainesville, GA 30501",3,3,1506,"$310,000","$130,156",,2.8%,"$179,843","$1,530"
False,Flowery Branch,https://www.withroam.com/listing/6004-SCREECH-OWL-DR-FLOWERY-BRANCH-GA-30542/85887,"6004 Screech Owl Dr, Flowery Branch, GA 30542",5,3,2430,"$419,900","$75,998",,3.89%,"$343,901","$2,642"
False,Gainesville,https://www.withroam.com/listing/13-HILLTOP-ST-GAINESVILLE-GA-30501/271283,"13 Hilltop St, Gainesville, GA 30501",3,2,1444,"$295,000","$153,251",,3.37%,"$141,748","$1,230"
False,Oakwood,https://www.withroam.com/listing/5415-HICKORY-PL-OAKWOOD-GA-30566/279001,"5415 Hickory Pl, Oakwood, GA 30566",3,2,1180,"$319,900","$211,783",,3.25%,"$108,116","$1,135"
False,Gainesville,https://www.withroam.com/listing/3619-TRADITION-DR-GAINESVILLE-GA-30506/268074,"3619 Tradition Dr, Gainesville, GA 30506",4,4,3308,"$550,000","$333,551",,2.75%,"$216,448","$1,773"
False,Gainesville,https://www.withroam.com/listing/5037-ELROD-PL-GAINESVILLE-GA-30506/196151,"5037 Elrod Pl, Gainesville, GA 30506",3,2,1282,"$317,000","$103,288",,3%,"$213,711","$1,599"
False,Gainesville,https://www.withroam.com/listing/652-WILSHIRE-PL-GAINESVILLE-GA-30501/237944,"652 Wilshire Pl, Gainesville, GA 30501",4,2,1602,"$354,900","$128,934",,2.88%,"$225,965","$1,697"
False,Gainesville,https://www.withroam.com/listing/3874-AMBERLEIGH-TRCE-GAINESVILLE-GA-30507/167396,"3874 Amberleigh Trce, Gainesville, GA 30507",7,4,4934,"$475,999","$152,997",,3.22%,"$323,001","$2,470"
True,Gainesville,https://www.withroam.com/listing/4951-LETHA-DR-GAINESVILLE-GA-30506/267354,"4951 Letha Dr, Gainesville, GA 30506",4,3,2753,"$1,200,000","$724,289",,2.875%,"$475,710","$3,915"
False,Flowery Branch,https://www.withroam.com/listing/6409-EVA-RD-FLOWERY-BRANCH-GA-30542/16461,"6409 Eva Rd, Flowery Branch, GA 30542",2,3,1800,"$674,900","$176,312",,3.83%,"$498,587","$4,141"
False,Gainesville,https://www.withroam.com/listing/2744-SAWYER-MILL-DR-GAINESVILLE-GA-30507/274811,"2744 Sawyer Mill Dr, Gainesville, GA 30507",4,3,1875,"$330,000","$186,600",,4.25%,"$143,399","$1,431"
False,Gainesville,https://www.withroam.com/listing/2093-BEVERLY-RD-GAINESVILLE-GA-30501/205720,"2093 Beverly Rd, Gainesville, GA 30501",3,2,1550,"$339,900","$147,503",,2.75%,"$192,396","$1,364"
False,Gainesville,https://www.withroam.com/listing/3457-SILVER-CHASE-CT-GAINESVILLE-GA-30507/278406,"3457 Silver Chase Ct, Gainesville, GA 30507",3,2,1534,"$340,000","$214,001",,4.25%,"$125,998","$1,308"
True,Gainesville,https://www.withroam.com/listing/4777-DESTITUTE-WAY-GAINESVILLE-GA-30506/118379,"4777 Destitute Way, Gainesville, GA 30506",4,5,5713,"$1,575,000","$671,415",,4.81%,"$903,584","$8,473"
False,Gainesville,https://www.withroam.com/listing/617-MOUNTAIN-VIEW-CIR-GAINESVILLE-GA-30501/164880,"617 Mountain View Cir, Gainesville, GA 30501",4,2,3188,"$360,000","$30,584",,5.5%,"$329,415","$2,701"
False,Gainesville,https://www.withroam.com/listing/3114-HERITAGE-GLEN-DR-GAINESVILLE-GA-30507/247965,"3114 Heritage Glen Dr, Gainesville, GA 30507",4,3,2934,"$370,000","$184,907",,2.75%,"$185,092","$1,383"
False,Oakwood,https://www.withroam.com/listing/3732-ACORN-DR-OAKWOOD-GA-30566/228515,"3732 Acorn Dr, Oakwood, GA 30566",3,3,1400,"$300,000","$142,660",,2.98%,"$157,339","$1,350"
False,Gainesville,https://www.withroam.com/listing/7280-PLUM-CREEK-DR-GAINESVILLE-GA-30507/230783,"7280 Plum Creek Dr, Gainesville, GA 30507",4,3,1694,"$359,900","$190,318",,2.625%,"$169,581","$1,264"
False,Gainesville,https://www.withroam.com/listing/5209-BYERS-RD-GAINESVILLE-GA-30504/268671,"5209 Byers Rd, Gainesville, GA 30504",4,2,1813,"$435,000","$287,259",,3.83%,"$147,740","$1,558"
False,Gainesville,https://www.withroam.com/listing/105-BENNETT-DR-GAINESVILLE-GA-30501/263571,"105 Bennett Dr, Gainesville, GA 30501",3,1,1210,"$212,000","$134,544",,3.2%,"$77,455",$736
False,Gainesville,https://www.withroam.com/listing/8240-GRACEN-DR-GAINESVILLE-GA-30506/152408,"8240 Gracen Dr, Gainesville, GA 30506",5,5,3789,"$982,000","$783,476",,3.54%,"$198,523","$1,821"
False,Oakwood,https://www.withroam.com/listing/5017-VALLEY-ST-OAKWOOD-GA-30566/166231,"5017 Valley St, Oakwood, GA 30566",4,2,1957,"$350,000","$136,915",,4.16%,"$213,084","$1,754"
False,Braselton,https://www.withroam.com/listing/1036-REGENCY-PARK-DR-BRASELTON-GA-30517/200394,"1036 Regency Park Dr, Braselton, GA 30517",5,3,2916,"$450,000","$109,076",,5.3%,"$340,923","$2,861"
True,Gainesville,https://www.withroam.com/listing/4075-FINCHER-DR-GAINESVILLE-GA-30504/245023,"4075 Fincher Dr, Gainesville, GA 30504",3,2,3031,"$805,000","$494,851",,2.625%,"$310,148","$2,538"
False,Gainesville,https://www.withroam.com/listing/4513-BANSHIRE-CIR-GAINESVILLE-GA-30504/205267,"4513 Banshire Cir, Gainesville, GA 30504",4,3,2707,"$439,900","$126,292",,5.1%,"$313,607","$2,694"
False,Flowery Branch,https://www.withroam.com/listing/4225-DUNHAM-PARK-FLOWERY-BRANCH-GA-30542/145793,"4225 Dunham Park, Flowery Branch, GA 30542",5,5,6110,"$845,000","$524,718",,2.875%,"$320,281","$2,690"
False,Gainesville,https://www.withroam.com/listing/3208-NAVAJO-CIR-GAINESVILLE-GA-30501/265660,"3208 Navajo Cir, Gainesville, GA 30501",3,2,1338,"$340,000","$294,837",,3.32%,"$45,162",$808
True,Gainesville,https://www.withroam.com/listing/5390-WHIPORWILL-DR-GAINESVILLE-GA-30504/93787,"5390 Whiporwill Dr, Gainesville, GA 30504",4,4,2561,"$1,169,000","$519,245",,4.875%,"$649,754","$5,267"
False,Gainesville,https://www.withroam.com/listing/3107-LOTHERIDGE-RD-0-GAINESVILLE-GA-30501/177437,"3107 Lotheridge Rd # 0, Gainesville, GA 30501",3,2,1657,"$469,900","$289,646",,3.68%,"$180,253","$1,736"
False,Gainesville,https://www.withroam.com/listing/2140-PINE-TREE-CIR-GAINESVILLE-GA-30501/232420,"2140 Pine Tree Cir, Gainesville, GA 30501",3,2,1689,"$325,000","$214,213",,3.5%,"$110,786","$1,208"
False,Flowery Branch,https://www.withroam.com/listing/6084-LIGHTS-FERRY-RD-FLOWERY-BRANCH-GA-30542/237205,"6084 Lights Ferry Rd, Flowery Branch, GA 30542",2,1,1104,"$359,900","$133,020",,5.75%,"$226,879","$2,048"
False,Gainesville,https://www.withroam.com/listing/5059-WHISPERING-PINES-DR-GAINESVILLE-GA-30504/206061,"5059 Whispering Pines Dr, Gainesville, GA 30504",3,2,1650,"$350,000","$178,849",,4.75%,"$171,150","$1,484"
False,Braselton,https://www.withroam.com/listing/1277-OVERLAND-PARK-DR-BRASELTON-GA-30517/230738,"1277 Overland Park Dr, Braselton, GA 30517",4,2,2420,"$400,000","$227,720",,4.47%,"$172,279","$1,771"
False,Gainesville,https://www.withroam.com/listing/2610-LITTLE-RIVER-PARK-RD-GAINESVILLE-GA-30506/178929,"2610 Little River Park Rd, Gainesville, GA 30506",3,2,1411,"$385,000","$297,838",,3.5%,"$87,161","$1,174"
False,Gainesville,https://www.withroam.com/listing/2582-WHITE-SULPHUR-RD-GAINESVILLE-GA-30501/149145,"2582 White Sulphur Rd, Gainesville, GA 30501",3,1,1536,"$825,000","$690,298",,3.5%,"$134,701","$2,029"
False,Gainesville,https://www.withroam.com/listing/1457-BLUFF-VALLEY-CIR-GAINESVILLE-GA-30504/197257,"1457 Bluff Valley Cir, Gainesville, GA 30504",3,2,2004,"$329,900","$266,037",,3.88%,"$63,863","$1,065"
False,Gainesville,https://www.withroam.com/listing/1546-WALTER-STOVER-RD-GAINESVILLE-GA-30501/247976,"1546 Walter Stover Rd, Gainesville, GA 30501",3,3,2081,"$398,000","$354,263",,5.13%,"$43,736",$957
False,Atlanta,https://www.withroam.com/listing/3481-LAKESIDE-DR-NE-2204-ATLANTA-GA-30326/284986,"3481 Lakeside Dr NE # 2204, Atlanta, GA 30326",1,1,750,"$265,000","$51,880",,3.25%,"$213,119","$1,599"
False,Williamson,https://www.withroam.com/listing/385-BROWN-STATION-DR-WILLIAMSON-GA-30292/199383,"385 Brown Station Dr, Williamson, GA 30292",4,3,2734,"$465,000","$41,357",,4.16%,"$423,642","$2,883"
False,Carrollton,https://www.withroam.com/listing/40-WESTBROOK-RD-CARROLLTON-GA-30116/282336,"40 Westbrook Rd, Carrollton, GA 30116",3,2,1863,"$390,000","$69,183",,3.375%,"$320,817","$2,295"
False,Villa Rica,https://www.withroam.com/listing/3005-NICHOLAS-DR-VILLA-RICA-GA-30180/164242,"3005 Nicholas Dr, Villa Rica, GA 30180",4,5,2922,"$387,000","$52,686",,2.875%,"$334,313","$2,047"
False,Dallas,https://www.withroam.com/listing/443-BROOKS-RD-DALLAS-GA-30132/276675,"443 Brooks Rd, Dallas, GA 30132",3,2,1638,"$325,000","$109,185",,2.875%,"$215,814","$1,515"
False,Woodstock,https://www.withroam.com/listing/185-BELLEHAVEN-DR-WOODSTOCK-GA-30188/213111,"185 Bellehaven Dr, Woodstock, GA 30188",3,4,2706,"$515,000","$148,091",,2.7%,"$366,908","$2,907"
False,Social Circle,https://www.withroam.com/listing/556-WALTON-DR-SOCIAL-CIRCLE-GA-30025/256486,"556 Walton Dr, Social Circle, GA 30025",4,2,1759,"$319,900","$106,755",,2.875%,"$213,144","$1,482"
False,Yulee,https://www.withroam.com/listing/97254-BLUFF-VIEW-CIR-YULEE-FL-32097/272916,"97254 Bluff View Cir, Yulee, FL 32097",5,4,3428,"$639,000","$193,552",,2.875%,"$445,447","$3,080"
False,Riverdale,https://www.withroam.com/listing/213-WHIPPORWILL-WAY-RIVERDALE-GA-30274/127383,"213 Whipporwill Way, Riverdale, GA 30274",4,2,1314,"$184,900","$39,343",,5.5%,"$145,556","$1,159"
False,Monroe,https://www.withroam.com/listing/617-LAKEVIEW-DR-MONROE-GA-30656/272331,"617 Lakeview Dr, Monroe, GA 30656",3,2,1344,"$319,900","$98,250",,3.09%,"$221,649","$1,670"
False,Mcdonough,https://www.withroam.com/listing/412-CULLODEN-MOOR-DR-MCDONOUGH-GA-30253/266604,"412 Culloden Moor Dr, Mcdonough, GA 30253",5,4,4099,"$457,999","$77,854",,3.85%,"$380,144","$2,555"
False,Lithonia,https://www.withroam.com/listing/3750-RICHMOND-BND-LITHONIA-GA-30038/273964,"3750 Richmond Bnd, Lithonia, GA 30038",4,2,2880,"$475,000","$211,185",,2.8%,"$263,814","$2,169"
False,Griffin,https://www.withroam.com/listing/353-WENTWORTH-WAY-GRIFFIN-GA-30224/165838,"353 Wentworth Way, Griffin, GA 30224",4,4,3900,"$515,000","$184,772",,2.9%,"$330,227","$2,533"
False,Dallas,https://www.withroam.com/listing/572-BOULDER-VIEW-PKWY-DALLAS-GA-30157/269379,"572 Boulder View Pkwy, Dallas, GA 30157",5,3,2712,"$430,000","$184,781",,2.96%,"$245,218","$1,976"
False,Atlanta,https://www.withroam.com/listing/2544-CASTELLAN-DR-ATLANTA-GA-30316/219395,"2544 Castellan Dr, Atlanta, GA 30316",3,3,1566,"$310,000","$99,481",,2.9%,"$210,518","$1,747"
False,Atlanta,https://www.withroam.com/listing/1280-W-PEACHTREE-ST-NW-APT-2302-2302-ATLANTA-GA-30309/207761,"1280 W Peachtree St NW Apt 2302 # 2302, Atlanta, GA 30309",1,1,625,"$206,000","$40,353",,2.8%,"$165,646","$1,577"
False,Suwanee,https://www.withroam.com/listing/570-WHITE-STAG-CT-SUWANEE-GA-30024/266610,"570 White Stag Ct, Suwanee, GA 30024",4,3,2295,"$505,000","$320,582",,2.625%,"$184,417","$1,776"
False,Fayetteville,https://www.withroam.com/listing/835-VIRGINIA-PARK-FAYETTEVILLE-GA-30215/264899,"835 Virginia Park, Fayetteville, GA 30215",4,3,2735,"$439,000","$171,001",,3%,"$267,998","$2,080"
False,Locust Grove,https://www.withroam.com/listing/3403-BILL-GARDNER-PKWY-LOCUST-GROVE-GA-30248/211611,"3403 Bill Gardner Pkwy, Locust Grove, GA 30248",4,2,2690,"$475,000","$130,544",,2.375%,"$344,455","$2,279"
False,Conyers,https://www.withroam.com/listing/1700-PROSPECT-WAY-CONYERS-GA-30094/252737,"1700 Prospect Way, Conyers, GA 30094",3,3,1988,"$324,900","$72,227",,2.9%,"$252,672","$1,954"
False,Villa Rica,https://www.withroam.com/listing/405-LAKE-DR-VILLA-RICA-GA-30180/135648,"405 Lake Dr, Villa Rica, GA 30180",3,2,1216,"$130,000","$25,747",,3.09%,"$104,252",$739
False,Dallas,https://www.withroam.com/listing/81-ROUNDTREE-CT-DALLAS-GA-30132/160546,"81 Roundtree Ct, Dallas, GA 30132",4,3,2004,"$415,000","$51,661",,3.76%,"$363,338","$2,437"
False,Dacula,https://www.withroam.com/listing/3298-ALCOVY-CLUB-CT-DACULA-GA-30019/258404,"3298 Alcovy Club Ct, Dacula, GA 30019",4,5,3982,"$949,000","$249,718",,3.89%,"$699,281","$5,247"
False,Fayetteville,https://www.withroam.com/listing/190-THRUSHWOOD-DR-FAYETTEVILLE-GA-30215/140089,"190 Thrushwood Dr, Fayetteville, GA 30215",6,5,5116,"$620,000","$220,432",,2.1%,"$399,567","$2,558"
False,Griffin,https://www.withroam.com/listing/907-SPRINGER-DR-GRIFFIN-GA-30224/225787,"907 Springer Dr, Griffin, GA 30224",3,3,2616,"$399,900","$184,369",,3%,"$215,530","$1,701"
False,Atlanta,https://www.withroam.com/listing/878-PEACHTREE-ST-NE-APT-431-431-ATLANTA-GA-30309/58483,"878 Peachtree St NE Apt 431 # 431, Atlanta, GA 30309",1,1,956,"$307,900","$84,031",,2.87%,"$223,868","$2,064"
False,Winder,https://www.withroam.com/listing/980-LAKE-ROCKWELL-WAY-WINDER-GA-30680/268646,"980 Lake Rockwell Way, Winder, GA 30680",4,3,2948,"$510,000","$172,743",,4.16%,"$337,256","$2,774"
False,Kennesaw,https://www.withroam.com/listing/1951-BARRETT-KNOLL-CIR-NW-KENNESAW-GA-30152/271263,"1951 Barrett Knoll Cir NW, Kennesaw, GA 30152",5,3,2531,"$595,900","$320,114",,3.02%,"$275,786","$2,367"
False,Athens,https://www.withroam.com/listing/212-HUNTINGTON-SHOALS-DR-ATHENS-GA-30606/226464,"212 Huntington Shoals Dr, Athens, GA 30606",4,2,2194,"$385,000","$71,433",,3.55%,"$313,566","$2,379"
False,Lawrenceville,https://www.withroam.com/listing/363-LOBDALE-FALLS-DR-LAWRENCEVILLE-GA-30045/163480,"363 Lobdale Falls Dr, Lawrenceville, GA 30045",3,3,1446,"$360,000","$105,507",,2.8%,"$254,492","$2,036"
False,Peachtree City,https://www.withroam.com/listing/405-ABBEY-RD-PEACHTREE-CITY-GA-30269/273635,"405 Abbey Rd, Peachtree City, GA 30269",4,3,1540,"$380,000","$224,377",,2.98%,"$155,623","$1,356"
False,Douglasville,https://www.withroam.com/listing/3675-BROOKHOLLOW-DR-DOUGLASVILLE-GA-30135/274816,"3675 Brookhollow Dr, Douglasville, GA 30135",6,5,4212,"$649,999","$361,097",,3.5%,"$288,901","$2,525"
False,Atlanta,https://www.withroam.com/listing/1057-FORTRESS-AVE-SW-ATLANTA-GA-30315/216963,"1057 Fortress Ave SW, Atlanta, GA 30315",3,2,1300,"$285,000","$118,963",,4.62%,"$166,036","$1,515"
False,Douglasville,https://www.withroam.com/listing/8451-DUNCAN-ST-DOUGLASVILLE-GA-30134/171664,"8451 Duncan St, Douglasville, GA 30134",3,2,1272,"$249,900","$21,581",,4.5%,"$228,318","$1,699"
False,Jonesboro,https://www.withroam.com/listing/2275-HOLLY-RUN-DR-JONESBORO-GA-30236/291066,"2275 Holly Run Dr, Jonesboro, GA 30236",3,3,2012,"$335,000","$95,542",,5.6%,"$239,457","$2,083"
False,Monroe,https://www.withroam.com/listing/2975-SUMMIT-LN-MONROE-GA-30655/270317,"2975 Summit Ln, Monroe, GA 30655",4,3,2455,"$375,000","$102,811",,5.25%,"$272,188","$2,431"
False,Atlanta,https://www.withroam.com/listing/878-PEACHTREE-ST-NE-APT-711-711-ATLANTA-GA-30309/178785,"878 Peachtree St NE Apt 711 # 711, Atlanta, GA 30309",1,1,1030,"$329,900","$107,422",,2.875%,"$222,477","$2,132"
False,Senoia,https://www.withroam.com/listing/230-SOUTH-RDG-Senoia-GA-30276/90160,"230 South Rdg, Senoia, GA 30276",4,3,2415,"$485,000","$168,421",,2.75%,"$316,578","$2,092"
False,Woodstock,https://www.withroam.com/listing/775-STICKLEY-OAK-WAY-WOODSTOCK-GA-30189/135216,"775 Stickley Oak Way, Woodstock, GA 30189",3,3,2628,"$625,000","$34,835",,4.875%,"$590,164","$4,371"
False,Conyers,https://www.withroam.com/listing/2080-BELMONT-CIR-CONYERS-GA-30012/265650,"2080 Belmont Cir, Conyers, GA 30012",3,3,1624,"$269,000","$148,519",,2.88%,"$120,480","$1,047"
False,Fayetteville,https://www.withroam.com/listing/392-HIGHWAY-314-FAYETTEVILLE-GA-30214/207779,"392 Highway 314, Fayetteville, GA 30214",4,3,2386,"$315,000","$121,551",,2.5%,"$193,448","$1,287"
False,Ellenwood,https://www.withroam.com/listing/113-EXPEDITION-DR-ELLENWOOD-GA-30294/245292,"113 Expedition Dr, Ellenwood, GA 30294",4,3,2570,"$410,000","$150,645",,2.7%,"$259,354","$2,004"
False,Covington,https://www.withroam.com/listing/9140-N-LINKS-DR-COVINGTON-GA-30014/20139,"9140 N Links Dr, Covington, GA 30014",9,5,1435,"$520,000","$180,335",,2.88%,"$339,664","$2,653"
False,Dacula,https://www.withroam.com/listing/1879-REDFERN-RD-DACULA-GA-30019/204235,"1879 Redfern Rd, Dacula, GA 30019",4,2,2205,"$429,900","$25,178",,4.99%,"$404,721","$3,057"
False,Atlanta,https://www.withroam.com/listing/145-HOLLY-RD-NW-ATLANTA-GA-30314/129967,"145 Holly Rd NW, Atlanta, GA 30314",3,2,1102,"$285,000","$105,159",,2.9%,"$179,840","$1,400"
False,Fayetteville,https://www.withroam.com/listing/165-NANDOVER-WAY-FAYETTEVILLE-GA-30215/188853,"165 Nandover Way, Fayetteville, GA 30215",3,2,1579,"$329,000","$129,430",,2.9%,"$199,569","$1,537"
False,Atlanta,https://www.withroam.com/listing/1124-LAROSA-TER-SW-ATLANTA-GA-30310/240185,"1124 Larosa Ter SW, Atlanta, GA 30310",3,2,1277,"$414,000","$41,074",,5.125%,"$372,925","$2,741"
False,Canton,https://www.withroam.com/listing/239-VALLEY-XING-CANTON-GA-30114/136040,"239 Valley Xing, Canton, GA 30114",3,4,1891,"$322,500","$32,370",,5.12%,"$290,129","$2,400"
False,Rex,https://www.withroam.com/listing/6258-ELLENWOOD-DR-REX-GA-30273/33083,"6258 Ellenwood Dr, Rex, GA 30273",3,2,1608,"$220,000","$33,465",,4.75%,"$186,534","$1,485"
False,Fayetteville,https://www.withroam.com/listing/11765-FAIRWAY-OVERLOOK-FAYETTEVILLE-GA-30215/149823,"11765 Fairway Overlook, Fayetteville, GA 30215",3,2,1643,"$295,000","$161,946",,3.87%,"$133,053","$1,242"
False,Powder Springs,https://www.withroam.com/listing/5113-HERITAGE-OAKS-LN-SW-POWDER-SPRINGS-GA-30127/260311,"5113 Heritage Oaks Ln SW, Powder Springs, GA 30127",4,2,2416,"$424,900","$242,914",,2.7%,"$181,985","$1,541"
False,Locust Grove,https://www.withroam.com/listing/8069-LOUIS-DR-LOCUST-GROVE-GA-30248/128234,"8069 Louis Dr, Locust Grove, GA 30248",5,4,3552,"$439,500","$161,968",,3.25%,"$277,531","$1,975"
False,Newnan,https://www.withroam.com/listing/17-ALEXANDRIA-CIR-NEWNAN-GA-30265/255744,"17 Alexandria Cir, Newnan, GA 30265",3,2,2226,"$449,000","$64,554",,5.375%,"$384,445","$2,899"
False,Dacula,https://www.withroam.com/listing/815-TANNER-RD-DACULA-GA-30019/244300,"815 Tanner Rd, Dacula, GA 30019",3,2,1337,"$379,000","$73,382",,5.25%,"$305,617","$2,443"
False,Dallas,https://www.withroam.com/listing/406-CRESCENT-WOODE-DR-DALLAS-GA-30157/246225,"406 Crescent Woode Dr, Dallas, GA 30157",3,3,1976,"$310,000","$135,965",,2.86%,"$174,034","$1,563"
False,Hampton,https://www.withroam.com/listing/10736-SOUTHWOOD-DR-HAMPTON-GA-30228/213159,"10736 Southwood Dr, Hampton, GA 30228",4,2,2504,"$330,000","$145,864",,4.25%,"$184,135","$1,601"
False,Acworth,https://www.withroam.com/listing/5114-VERBENA-DR-NW-ACWORTH-GA-30102/123274,"5114 Verbena Dr NW, Acworth, GA 30102",5,4,4007,"$497,000","$229,361",,2.75%,"$267,638","$1,950"
False,Conyers,https://www.withroam.com/listing/2585-GOLFVIEW-TER-SE-CONYERS-GA-30013/194809,"2585 Golfview Ter SE, Conyers, GA 30013",3,2,2864,"$375,000","$168,379",,2.9%,"$206,620","$1,623"
False,Kingston,https://www.withroam.com/listing/23-OXFORD-LN-KINGSTON-GA-30145/132291,"23 Oxford Ln, Kingston, GA 30145",4,3,2000,"$330,000","$154,657",,2.8%,"$175,342","$1,461"
False,Lilburn,https://www.withroam.com/listing/4020-RED-CANOE-BND-LILBURN-GA-30047/136598,"4020 Red Canoe Bnd, Lilburn, GA 30047",4,2,3563,"$675,000","$310,954",,2.9%,"$364,045","$3,192"
False,Woodstock,https://www.withroam.com/listing/410-LIMA-CT-WOODSTOCK-GA-30188/253741,"410 Lima Ct, Woodstock, GA 30188",4,3,3016,"$385,000","$183,516",,2.99%,"$201,483","$1,590"
False,Jonesboro,https://www.withroam.com/listing/9340-BASSWOOD-WAY-JONESBORO-GA-30236/228557,"9340 Basswood Way, Jonesboro, GA 30236",5,2,3918,"$339,000","$139,201",,3.28%,"$199,798","$1,627"
False,Mansfield,https://www.withroam.com/listing/946-GAITHERS-RD-MANSFIELD-GA-30055/132662,"946 Gaithers Rd, Mansfield, GA 30055",3,3,4826,"$649,000","$296,324",,3%,"$352,675","$2,612"
False,Douglasville,https://www.withroam.com/listing/3213-BLACKLEY-OLD-RD-DOUGLASVILLE-GA-30135/179007,"3213 Blackley Old Rd, Douglasville, GA 30135",5,5,3444,"$585,000","$238,795",,3.5%,"$346,204","$2,698"
False,Austell,https://www.withroam.com/listing/4691-BO-HENDRICK-DR-AUSTELL-GA-30106/178996,"4691 Bo Hendrick Dr, Austell, GA 30106",3,2,1284,"$284,999","$113,207",,3.45%,"$171,791","$1,348"
False,Bonaire,https://www.withroam.com/listing/105-WRIGHT-LN-BONAIRE-GA-31005/248008,"105 Wright Ln, Bonaire, GA 31005",3,3,1630,"$289,000","$163,314",,2.25%,"$125,685",$910
False,Newnan,https://www.withroam.com/listing/283-SAWGRASS-MANOR-DR-NEWNAN-GA-30265/191779,"283 Sawgrass Manor Dr, Newnan, GA 30265",3,2,1322,"$319,900","$44,426",,5.375%,"$275,473","$2,077"
False,Kennesaw,https://www.withroam.com/listing/3163-OLD-41-HWY-NW-KENNESAW-GA-30144/257385,"3163 Old 41 Hwy NW, Kennesaw, GA 30144",4,3,2600,"$389,900","$216,412",,2.95%,"$173,487","$1,474"
False,Powder Springs,https://www.withroam.com/listing/3215-ROSE-PETAL-LN-POWDER-SPRINGS-GA-30127/240355,"3215 Rose Petal Ln, Powder Springs, GA 30127",4,3,3498,"$460,000","$222,492",,2.875%,"$237,507","$1,733"
False,Atlanta,https://www.withroam.com/listing/253-LAWTON-ST-SW-ATLANTA-GA-30314/204693,"253 Lawton St SW, Atlanta, GA 30314",,,,"$399,990","$58,177",,5.375%,"$341,812","$2,591"
False,Canton,https://www.withroam.com/listing/251-PARC-DR-CANTON-GA-30114/255712,"251 Parc Dr, Canton, GA 30114",4,4,3484,"$659,900","$365,436",,3.26%,"$294,463","$2,607"
False,Acworth,https://www.withroam.com/listing/5729-BROOKSTONE-WALK-NW-ACWORTH-GA-30101/243251,"5729 Brookstone Walk NW, Acworth, GA 30101",6,4,4417,"$720,000","$376,973",,2.78%,"$343,026","$2,839"
False,Locust Grove,https://www.withroam.com/listing/703-PAUL-REVERE-DR-LOCUST-GROVE-GA-30248/226932,"703 Paul Revere Dr, Locust Grove, GA 30248",5,3,2309,"$355,000","$180,867",,2.9%,"$174,132","$1,437"
False,Griffin,https://www.withroam.com/listing/306-VINE-CT-GRIFFIN-GA-30223/276673,"306 Vine Ct, Griffin, GA 30223",4,3,1793,"$317,660","$50,044",,5.49%,"$267,615","$2,138"
False,Atlanta,https://www.withroam.com/listing/1405-ATTWATER-DR-ATLANTA-GA-30316/137754,"1405 Attwater Dr, Atlanta, GA 30316",4,4,1850,"$395,000","$108,965",,5.375%,"$286,034","$2,890"
False,Lawrenceville,https://www.withroam.com/listing/989-PARK-KNOLL-CT-LAWRENCEVILLE-GA-30043/137075,"989 Park Knoll Ct, Lawrenceville, GA 30043",5,3,2990,"$450,000","$235,210",,3%,"$214,789","$1,810"
False,Stone Mountain,https://www.withroam.com/listing/1053-ALLGOOD-RD-STONE-MOUNTAIN-GA-30083/179189,"1053 Allgood Rd, Stone Mountain, GA 30083",2,3,1593,"$375,000","$221,835",,2.98%,"$153,164","$1,410"
False,Cumming,https://www.withroam.com/listing/4240-SPRING-RIDGE-DR-CUMMING-GA-30028/251624,"4240 Spring Ridge Dr, Cumming, GA 30028",4,3,2226,"$500,000","$274,040",,2.9%,"$225,959","$2,070"
False,Suwanee,https://www.withroam.com/listing/3335-ASHTON-DR-SUWANEE-GA-30024/250640,"3335 Ashton Dr, Suwanee, GA 30024",3,2,3015,"$619,000","$448,657",,3.09%,"$170,342","$2,127"
False,Loganville,https://www.withroam.com/listing/1510-PECAN-PLANTATION-CT-LOGANVILLE-GA-30052/247934,"1510 Pecan Plantation Ct, Loganville, GA 30052",4,4,2360,"$659,900","$365,754",,2.88%,"$294,145","$2,544"
False,Stone Mountain,https://www.withroam.com/listing/3321-BORDER-DR-STONE-MOUNTAIN-GA-30087/282548,"3321 Border Dr, Stone Mountain, GA 30087",3,2,1575,"$240,000","$109,591",,3.6%,"$130,408","$1,105"
False,Carrollton,https://www.withroam.com/listing/102-WOODED-GLEN-LN-CARROLLTON-GA-30117/213766,"102 Wooded Glen Ln, Carrollton, GA 30117",3,2,2561,"$449,900","$221,748",,3.375%,"$228,152","$1,879"
False,Canton,https://www.withroam.com/listing/3501-GREAT-SKY-PKWY-CANTON-GA-30114/195596,"3501 Great Sky Pkwy, Canton, GA 30114",4,3,2275,"$440,000","$200,050",,3.68%,"$239,949","$2,125"
False,Lithonia,https://www.withroam.com/listing/6420-MARBUT-RD-LITHONIA-GA-30058/246216,"6420 Marbut Rd, Lithonia, GA 30058",2,3,1152,"$210,000","$44,351",,5.5%,"$165,648","$1,432"
False,Conyers,https://www.withroam.com/listing/2671-CLUB-FOREST-CT-SE-CONYERS-GA-30013/260976,"2671 Club Forest Ct SE, Conyers, GA 30013",3,2,1844,"$310,000","$166,309",,4.125%,"$143,690","$1,313"
False,Jonesboro,https://www.withroam.com/listing/999-DIXIE-DR-JONESBORO-GA-30236/200427,"999 Dixie Dr, Jonesboro, GA 30236",3,2,1374,"$225,000","$112,195",,3.5%,"$112,804",$954
False,Atlanta,https://www.withroam.com/listing/3466-CARRIAGE-CHASE-RD-ATLANTA-GA-30349/210734,"3466 Carriage Chase Rd, Atlanta, GA 30349",3,3,1544,"$400,000","$228,161",,3%,"$171,838","$1,562"
False,Atlanta,https://www.withroam.com/listing/1342-RIETVELD-ROW-NW-ATLANTA-GA-30318/219360,"1342 Rietveld Row NW, Atlanta, GA 30318",2,2,1820,"$423,500","$188,221",,3.94%,"$235,278","$2,483"
False,Locust Grove,https://www.withroam.com/listing/5269-HERON-BAY-BLVD-LOCUST-GROVE-GA-30248/196178,"5269 Heron Bay Blvd, Locust Grove, GA 30248",5,5,4158,"$692,000","$335,761",,3.7%,"$356,239","$2,951"
False,Hiram,https://www.withroam.com/listing/488-MORRIS-RD-HIRAM-GA-30141/149306,"488 Morris Rd, Hiram, GA 30141",4,3,3053,"$499,900","$340,902",,4.875%,"$158,997","$2,291"
